time_sec,vehicle_count,average_speed_kmh,density,speed_variance,density_trend,flow_trend
0.25,2,21.71,0.2,6875.39,0,434.16
0.5,2,30.58,0.2,20800.14,0,611.55
0.75,3,33.12,0.3,63724.68,1,993.52
1,2,14.81,0.2,2829.06,-1,296.11
1.25,2,19.21,0.2,0,0,384.19
1.5,1,17.49,0.1,0,-1,174.93
1.75,2,43.27,0.2,0,1,865.33
2,1,38.42,0.1,0,-1,384.19
2.25,2,37.92,0.2,60048.4,1,758.42
2.5,2,38.97,0.2,56038.21,0,779.39
2.75,1,16.16,0.1,0,-1,161.55
3,1,21.63,0.1,0,0,216.33
3.25,1,25.63,0.1,0,0,256.32
3.5,2,45.79,0.2,0,1,915.86
3.75,1,9,0.1,0,-1,90
4,1,12,0.1,0,0,120
4.25,1,12,0.1,0,0,120
4.5,1,18.25,0.1,0,0,182.48
4.75,1,0,0.1,0,0,0
5,1,25.63,0.1,0,0,256.32
5.25,2,24,0.2,22500,1,480
5.5,2,31.33,0.2,49875.47,0,626.66
5.75,1,9,0.1,0,-1,90
6,2,12.15,0.2,991.32,1,242.97
6.25,2,12.49,0.2,4207.9,0,249.74
6.5,2,20.4,0.2,11918.18,0,408.08
6.75,3,18.03,0.3,11876.05,1,541.03
7,4,34.32,0.4,23539.49,1,1372.65
7.25,3,32.8,0.3,50807.44,-1,984.04
7.5,2,19.56,0.2,7643.38,-1,391.19
7.75,1,12,0.1,0,-1,120
8,3,37.6,0.3,58460.89,2,1127.85
8.25,3,13.03,0.3,2514.72,0,390.98
8.5,3,16.01,0.3,13379.52,0,480.19
8.75,3,20.16,0.3,15439.79,0,604.93
9,2,29.01,0.2,24307.61,-1,580.15
9.25,3,19.08,0.3,3204.82,1,572.33
9.5,2,25.83,0.2,4382.83,-1,516.59
9.75,3,25.16,0.3,21916.49,1,754.69
10,4,30.25,0.4,54297.62,1,1209.97
10.25,3,17.84,0.3,26382.22,-1,535.13
10.5,2,8.74,0.2,6.62,-1,174.85
10.75,2,9.24,0.2,5.93,0,184.87
11,3,12.22,0.3,661.97,1,366.66
11.25,4,11.76,0.4,1010.13,1,470.57
11.5,4,15.05,0.4,5258.15,0,601.89
11.75,4,15.86,0.4,4082.42,0,634.57
12,4,23.03,0.4,16053.75,0,921.05
12.25,4,34.04,0.4,49955.36,0,1361.59
12.5,4,31.44,0.4,28626.45,0,1257.77
12.75,4,22.89,0.4,12389.7,0,915.73
13,4,18.34,0.4,15176.07,0,733.75
13.25,4,34.55,0.4,41151.74,0,1381.87
13.5,2,21.21,0.2,0,-2,424.26
13.75,2,34.37,0.2,43892.05,0,687.34
14,1,18.25,0.1,0,-1,182.48
14.25,1,25.63,0.1,0,0,256.32
14.5,1,32.31,0.1,0,0,323.11
14.75,2,27.48,0.2,23952.92,1,549.53
15,2,39.54,0.2,75850.78,0,790.82
15.25,1,16.16,0.1,0,-1,161.55
15.5,1,18.97,0.1,0,0,189.74
15.75,1,18.97,0.1,0,0,189.74
16,1,25.63,0.1,0,0,256.32
16.25,1,37.59,0.1,0,0,375.9
16.5,1,51,0.1,0,0,510
16.75,1,57.63,0.1,0,0,576.28
17,1,6,0.1,0,0,60
17.25,1,6,0.1,0,0,60
17.5,1,9.49,0.1,0,0,94.87
17.75,1,10.82,0.1,0,0,108.17
18,1,9.49,0.1,0,0,94.87
18.25,1,15,0.1,0,0,150
18.5,1,17.49,0.1,0,0,174.93
18.75,0,0,0,0,-1,0
19,1,38.42,0.1,0,1,384.19
19.25,2,0,0.2,0,1,0
19.5,1,36.25,0.1,0,-1,362.49
19.75,2,9.49,0.2,0,1,189.74
20,2,10.93,0.2,207.72,0,218.56
20.25,2,13.49,0.2,712.58,0,269.72
20.5,2,16.39,0.2,120.54,0,327.9
20.75,2,21.74,0.2,1.07,0,434.74
21,1,28.3,0.1,0,-1,283.02
21.25,3,31.02,0.3,24967.84,2,930.64
21.5,3,45.43,0.3,68715.22,0,1362.89
21.75,2,18.08,0.2,2863.76,-1,361.59
22,1,16.16,0.1,0,-1,161.55
22.25,1,20.12,0.1,0,0,201.25
22.5,2,16.84,0.2,5402.21,1,336.74
22.75,2,27.77,0.2,15565.26,0,555.46
23,2,32.45,0.2,46800,0,649
23.25,2,51.08,0.2,69385.6,0,1021.6
23.5,1,31.32,0.1,0,-1,313.21
23.75,1,46.96,0.1,0,0,469.57
24,1,76.49,0.1,0,0,764.85
24.25,0,0,0,0,-1,0
24.5,0,0,0,0,0,0
24.75,1,9.49,0.1,0,1,94.87
25,1,15,0.1,0,0,150
25.25,0,0,0,0,-1,0
25.5,1,21.21,0.1,0,1,212.13
25.75,1,25.63,0.1,0,0,256.32
26,1,31.32,0.1,0,0,313.21
26.25,2,27.54,0.2,43400.02,1,550.82
26.5,2,41.74,0.2,86289.95,0,834.89
26.75,1,13.42,0.1,0,-1,134.16
27,3,10.99,0.3,1720.42,2,329.72
27.25,3,12.12,0.3,603.03,0,363.69
27.5,2,11.75,0.2,3302.14,-1,234.93
27.75,1,9,0.1,0,-1,90
28,3,38.7,0.3,176965.32,2,1160.87
28.25,4,15.4,0.4,5092.18,1,615.89
28.5,4,20.14,0.4,4429.53,0,805.68
28.75,3,13.23,0.3,3187.86,-1,397
29,3,14.48,0.3,5726.36,0,434.47
29.25,3,14.36,0.3,8783.39,0,430.75
29.5,4,15.22,0.4,10138.7,1,608.75
29.75,5,15.31,0.5,12328.33,1,765.62
30,4,9.72,0.4,1799.75,-1,388.85
30.25,4,7.18,0.4,466.36,0,287.29
30.5,4,8.68,0.4,786.65,0,347.29
30.75,4,7.36,0.4,433.89,0,294.38
31,4,8.5,0.4,1547.76,0,340.05
31.25,4,8.51,0.4,635.99,0,340.33
31.5,4,7.99,0.4,1719.65,0,319.51
31.75,4,6.74,0.4,628.16,0,269.72
32,4,5.26,0.4,1503.16,0,210.59
32.25,5,8.81,0.5,4298.49,1,440.5
32.5,5,3.35,0.5,1220.5,0,167.29
32.75,5,6.92,0.5,1148.62,0,346.1
33,5,6.04,0.5,1208.65,0,302.13
33.25,5,5.93,0.5,1521.36,0,296.59
33.5,4,5.61,0.4,1357.78,-1,224.22
33.75,4,4.83,0.4,668.63,0,193.14
34,3,4.65,0.3,237.49,-1,139.51
34.25,4,2.56,0.4,694.3,1,102.43
34.5,6,4.71,0.6,2584.31,2,282.43
34.75,6,5.88,0.6,1337.96,0,353.03
35,6,4.12,0.6,1901.47,0,247.28
35.25,6,4.65,0.6,1737.49,0,279.02
35.5,6,4.95,0.6,1603.25,0,296.79
35.75,5,4.69,0.5,1042.7,-1,234.38
36,4,3.62,0.4,488.6,-1,144.85
36.25,4,3.62,0.4,938.6,0,144.85
36.5,4,6,0.4,450,0,240
36.75,3,3.24,0.3,752.79,-1,97.08
37,5,3.15,0.5,270.53,2,157.28
37.25,4,4.8,0.4,1297.19,-1,191.95
37.5,4,4.68,0.4,1187.52,0,187.08
37.75,5,3.39,0.5,470.68,1,169.51
38,6,5.16,0.6,935.09,1,309.74
38.25,6,5.5,0.6,730.11,0,329.72
38.5,6,5.22,0.6,2071.42,0,313.42
38.75,6,5.5,0.6,1030.11,0,329.72
39,6,4.15,0.6,1127.52,0,249.02
39.25,7,5.26,0.7,828.12,1,368.54
39.5,7,3.99,0.7,207.86,0,279.31
39.75,8,7.79,0.8,3941.19,1,623.35
40,7,6.21,0.7,1410.51,-1,434.95
40.25,6,5.5,0.6,1472.86,-1,330.12
40.5,6,6.94,0.6,2203.2,0,416.42
40.75,5,8.34,0.5,1324.95,-1,416.98
41,6,10.31,0.6,3772.22,1,618.55
41.25,6,6.43,0.6,2467.25,0,385.72
41.5,5,7.94,0.5,2879.48,-1,396.88
41.75,5,9.41,0.5,4997.87,0,470.69
42,5,8.15,0.5,1824.44,0,407.29
42.25,5,8.51,0.5,1939.31,0,425.46
42.5,5,6.44,0.5,1796.25,0,321.86
42.75,5,8.82,0.5,1032.07,0,441.25
43,5,8.37,0.5,3246.86,0,418.72
43.25,5,8.87,0.5,3473.21,0,443.47
43.5,5,10.88,0.5,5076.35,0,544.14
43.75,5,7.58,0.5,3619.39,0,378.83
44,5,13.09,0.5,6979.81,0,654.6
44.25,4,4.65,0.4,237.49,-1,186.01
44.5,4,8.34,0.4,1140.55,0,333.69
44.75,4,9.26,0.4,420.78,0,370.5
45,4,5.89,0.4,1710.33,0,235.45
45.25,4,7.92,0.4,1380.82,0,316.71
45.5,4,8.52,0.4,2417.9,0,340.75
45.75,5,12.07,0.5,4554.43,1,603.54
46,5,9.27,0.5,4004.28,0,463.57
46.25,6,7.99,0.6,4570.11,1,479.25
46.5,5,12.08,0.5,4310.61,-1,603.93
46.75,5,8.07,0.5,6443.88,0,403.61
47,5,8.46,0.5,4545.43,0,422.92
47.25,4,5.74,0.4,752.21,-1,229.71
47.5,4,6.31,0.4,2992.56,0,252.43
47.75,3,7.16,0.3,270.18,-1,214.87
48,5,5.53,0.5,1985.6,2,276.33
48.25,5,9.45,0.5,3122,0,472.7
48.5,5,10.04,0.5,3966.36,0,501.84
48.75,5,9.46,0.5,3295.8,0,472.87
49,5,12.17,0.5,9124.16,0,608.6
49.25,5,8.72,0.5,1853.27,0,435.8
49.5,4,10.28,0.4,6523.1,-1,411.38
49.75,5,9.66,0.5,3265.78,1,483.07
50,5,7.24,0.5,2672.22,0,362.21
50.25,7,10.54,0.7,3441.01,2,737.79
50.5,5,5.66,0.5,756,-2,283.02
50.75,6,13.2,0.6,8496,1,792
51,5,5.94,0.5,1336.68,-1,296.79
51.25,5,10.17,0.5,906.16,0,508.52
51.5,5,8.29,0.5,1411.68,0,414.38
51.75,6,9.13,0.6,2103.42,1,547.83
52,6,8.52,0.6,2787.46,0,511.32
52.25,6,9.07,0.6,3330.96,0,543.95
52.5,6,11.87,0.6,2412.43,0,712.15
52.75,6,6.72,0.6,2527.67,0,403.49
53,6,7.9,0.6,2756.42,0,474.1
53.25,6,9.84,0.6,5924.33,0,590.19
53.5,6,6.61,0.6,1036.67,0,396.33
53.75,6,5.33,0.6,610.79,0,319.71
54,7,5.7,0.7,990.37,1,399.21
54.25,7,6.06,0.7,1733.36,0,423.87
54.5,6,8.16,0.6,1439.66,-1,489.67
54.75,6,5.75,0.6,2394.63,0,344.95
55,6,8.22,0.6,1795.74,0,493.11
55.25,6,8.76,0.6,2941.68,0,525.76
55.5,5,9.23,0.5,4266.34,-1,461.35
55.75,6,10.02,0.6,5443.96,1,601.08
56,6,9.41,0.6,10952.02,0,564.38
56.25,6,8.74,0.6,1818.28,0,524.16
56.5,5,6.07,0.5,1531.32,-1,303.67
56.75,6,5.3,0.6,1388.06,1,318.17
57,6,5.39,0.6,870.02,0,323.67
57.25,6,7.43,0.6,1826.63,0,445.92
57.5,6,7.31,0.6,2750.68,0,438.83
57.75,6,9.29,0.6,5318.96,0,557.42
58,7,7.54,0.7,6613.31,1,527.87
58.25,6,7.13,0.6,1969.28,-1,427.67
58.5,5,8.35,0.5,2571.74,-1,417.38
58.75,5,6.93,0.5,1491.62,0,346.71
59,5,4.2,0.5,936,0,210
59.25,5,7.57,0.5,3038.05,0,378.71
59.5,4,8.54,0.4,2383.76,-1,341.55
59.75,4,8.23,0.4,4024.85,0,329.25
60,5,9.06,0.5,3484.52,1,453.2
60.25,6,10.05,0.6,7531.51,1,603.25
60.5,5,6,0.5,1617.19,-1,300.12
60.75,5,6.68,0.5,1481.24,0,333.87
61,5,7.5,0.5,1582.29,0,374.76
61.25,5,9.59,0.5,3405.4,0,479.44
61.5,6,8.31,0.6,4197.7,1,498.48
61.75,6,10.16,0.6,2724.18,0,609.7
62,6,10.01,0.6,6027.27,0,600.68
62.25,6,9.54,0.6,3807.36,0,572.13
62.5,5,8.18,0.5,2301.23,-1,409.23
62.75,4,8.16,0.4,1658.67,-1,326.59
63,4,8.23,0.4,4024.85,0,329.25
63.25,4,9.4,0.4,4209.35,0,376.1
63.5,4,11.12,0.4,8327.96,0,444.92
63.75,4,13.8,0.4,11546.18,0,552.14
64,3,5.89,0.3,135.09,-1,176.59
64.25,3,7.47,0.3,116.72,0,224.16
64.5,3,9.68,0.3,2038.45,0,290.27
64.75,3,7.54,0.3,1218.88,0,226.12
65,4,9.11,0.4,3617.16,1,364.59
65.25,4,9.42,0.4,3500.48,0,376.82
65.5,5,8.21,0.5,5502.61,1,410.41
65.75,4,9.68,0.4,12237.92,-1,387.03
66,4,8.79,0.4,5321.81,0,351.64
66.25,3,4.65,0.3,237.49,-1,139.51
66.5,4,2,0.4,800,1,80
66.75,3,4.58,0.3,1505.57,-1,137.29
67,3,5.58,0.3,790.27,0,167.29
67.25,3,6.02,0.3,1176.24,0,180.59
67.5,4,4.62,0.4,1238.98,1,184.87
67.75,5,7.35,0.5,3062.01,1,367.35
68,4,7.05,0.4,4926.45,-1,282.09
68.25,4,7.22,0.4,7163.62,0,288.76
68.5,2,13.82,0.2,6110.01,-2,276.33
68.75,1,4.24,0.1,0,-1,42.43
69,3,9.15,0.3,4822.29,2,274.59
69.25,2,6,0.2,0,-1,120
69.5,2,4.24,0.2,0,0,84.85
69.75,4,4,0.4,200,2,160
70,2,7.74,0.2,303.95,-2,154.87
70.25,4,3.83,0.4,1234.31,2,153.14
70.5,4,5.68,0.4,596.07,0,227.29
70.75,5,4.91,0.5,2089.95,1,245.46
71,5,6.31,0.5,1954.77,0,315.64
71.25,5,9.28,0.5,7402.07,0,464.16
71.5,5,5.47,0.5,1683.68,0,273.69
71.75,6,6.06,0.6,3976.17,1,363.67
72,5,8.27,0.5,7106.59,-1,413.62
72.25,5,8.56,0.5,5273.27,0,427.98
72.5,6,10.85,0.6,12526.99,1,651.02
72.75,5,5.54,0.5,529.02,-1,277.08
73,5,6.9,0.5,3341.5,0,344.91
73.25,5,5.02,0.5,1620.51,0,250.97
73.5,4,7.13,0.4,2334.28,-1,285.4
73.75,4,11.74,0.4,2181.59,0,469.78
74,5,7.24,0.5,1414.42,1,362.13
74.25,5,6.87,0.5,1222.64,0,343.42
74.5,5,8.13,0.5,3110.48,0,406.49
74.75,6,7.15,0.6,3885.54,1,429.09
75,6,7.28,0.6,4594.92,0,437.02
75.25,6,10.77,0.6,5650.54,0,646.2
75.5,5,8.45,0.5,7441.08,-1,422.46
75.75,4,6.24,0.4,302.94,-1,249.71
76,3,8.21,0.3,1357.78,-1,246.33
76.25,4,8.97,0.4,2076.68,1,358.85
76.5,4,6.49,0.4,1190.96,0,259.51
76.75,4,10.75,0.4,5102.46,0,429.84
77,5,10.71,0.5,5267.22,1,535.56
77.25,5,12.42,0.5,7984.22,0,620.8
77.5,7,10.17,0.7,9013.9,2,711.67
77.75,6,12.55,0.6,7643.38,-1,753.15
78,4,5.3,0.4,567.73,-2,211.93
78.25,5,4.68,0.5,1187.52,1,233.85
78.5,3,4.41,0.3,1351.47,-2,132.43
78.75,3,5.41,0.3,668.63,0,162.43
79,5,7.2,0.5,895.04,2,359.86
79.25,5,6.01,0.5,2145.76,0,300.59
79.5,5,9.24,0.5,5507.09,0,461.87
79.75,5,8.85,0.5,2788.49,0,442.48
80,5,14.75,0.5,3456.45,0,737.28
80.25,4,13.61,0.4,5993.78,-1,544.52
80.5,4,17.28,0.4,13568.39,0,691.16
80.75,6,15.1,0.6,14459.89,2,905.98
81,3,9.63,0.3,917.81,-3,289.03
81.25,4,11.56,0.4,1037.61,1,462.38
81.5,4,14.41,0.4,3090.01,0,576.33
81.75,3,15.78,0.3,3005.31,-1,473.34
82,3,16.02,0.3,6150.89,0,480.46
82.25,3,19.32,0.3,15477.18,0,579.57
82.5,3,25.09,0.3,24654.31,0,752.67
82.75,2,15.56,0.2,3688.42,-1,311.2
83,1,12.73,0.1,0,-1,127.28
83.25,1,9.49,0.1,0,0,94.87
83.5,2,7.86,0.2,2365.81,1,157.28
83.75,3,4.24,0.3,0,1,127.28
84,3,7.41,0.3,2902.94,0,222.43
84.25,3,4.85,0.3,343.77,0,145.62
84.5,3,10.45,0.3,6485.66,0,313.42
84.75,3,11.22,0.3,7501.14,0,336.73
85,3,14.87,0.3,14499.57,0,445.99
85.25,2,6.35,0.2,12.54,-1,127.08
85.5,2,9,0.2,0,0,180
85.75,2,7.85,0.2,131.31,0,157.08
86,3,10.84,0.3,1145.93,1,325.25
86.25,3,7.95,0.3,1477.31,0,238.55
86.5,3,9.58,0.3,1929.08,0,287.29
86.75,3,10.07,0.3,3052.27,0,302.21
87,3,13.37,0.3,7617.81,0,401.17
87.25,4,15.45,0.4,10557.63,1,617.96
87.5,4,17.43,0.4,17756,0,697.35
87.75,3,11.36,0.3,1196.92,-1,340.78
88,3,14.65,0.3,1050.16,0,439.37
88.25,3,16.21,0.3,4630.47,0,486.24
88.5,3,19.01,0.3,4380.48,0,570.15
88.75,4,17.77,0.4,5633.42,1,710.68
89,3,13.54,0.3,3858.16,-1,406.3
89.25,3,16.89,0.3,5688.31,0,506.56
89.5,3,22.08,0.3,12460.44,0,662.31
89.75,3,28.85,0.3,28383.22,0,865.42
90,2,20.97,0.2,13182.63,-1,419.37
90.25,2,26.39,0.2,10469.56,0,527.75
90.5,1,21.63,0.1,0,-1,216.33
90.75,1,18.97,0.1,0,0,189.74
91,1,26.83,0.1,0,0,268.33
91.25,1,35.11,0.1,0,0,351.14
91.5,1,57.94,0.1,0,0,579.4
91.75,0,0,0,0,-1,0
92,0,0,0,0,0,0
92.25,0,0,0,0,0,0
92.5,0,0,0,0,0,0
92.75,0,0,0,0,0,0
93,0,0,0,0,0,0
93.25,2,3,0.2,0,2,60
93.5,1,9,0.1,0,-1,90
93.75,2,11.89,0.2,1160.01,1,237.82
94,2,12.24,0.2,759.88,0,244.87
94.25,2,21.21,0.2,0,0,424.26
94.5,3,25.63,0.3,0,1,768.96
94.75,2,24.31,0.2,14256.15,-1,486.18
95,2,31.54,0.2,13028.91,0,630.78
95.25,2,45.5,0.2,58964.02,0,909.91
95.5,3,20.2,0.3,1043.35,1,606.02
95.75,2,20.92,0.2,3500.39,-1,418.33
96,1,17.49,0.1,0,-1,174.93
96.25,1,15,0.1,0,0,150
96.5,3,23.89,0.3,1419.04,2,716.75
96.75,1,12,0.1,0,-2,120
97,1,9.49,0.1,0,0,94.87
97.25,1,0,0.1,0,0,0
97.5,2,13.62,0.2,2138.27,1,272.48
97.75,2,13.62,0.2,2138.27,0,272.48
98,2,14.56,0.2,3093.92,0,291.25
98.25,2,9.49,0.2,0,0,189.74
98.5,2,22.34,0.2,9941.76,0,446.8
98.75,2,25.63,0.2,8985.72,0,512.7
99,1,18.25,0.1,0,-1,182.48
99.25,1,21.63,0.1,0,0,216.33
99.5,2,14.81,0.2,2829.06,1,296.11
99.75,2,19.52,0.2,10059.83,0,390.33
100,2,21.63,0.2,8572.51,0,432.56
100.25,2,29.9,0.2,30738.59,0,598.03
100.5,1,15.3,0.1,0,-1,152.97
100.75,1,18.25,0.1,0,0,182.48
101,1,25.63,0.1,0,0,256.32
101.25,1,25.63,0.1,0,0,256.32
101.5,0,0,0,0,-1,0
101.75,1,40.25,0.1,0,1,402.49
102,0,0,0,0,-1,0
102.25,1,6.71,0.1,0,1,67.08
102.5,1,9.49,0.1,0,0,94.87
102.75,1,12.37,0.1,0,0,123.69
103,1,12.37,0.1,0,0,123.69
103.25,2,11.43,0.2,2231.28,1,228.64
103.5,2,18.82,0.2,6412.94,0,376.49
103.75,2,20.85,0.2,10070.36,0,417.04
104,2,26.89,0.2,25819.36,0,537.7
104.25,2,35.04,0.2,40145.49,0,700.73
104.5,2,16.82,0.2,2320.02,0,336.33
104.75,2,17.92,0.2,7950.23,0,358.33
105,4,22.31,0.4,21318.85,2,892.47
105.25,3,26.49,0.3,33645.26,-1,794.6
105.5,3,26.94,0.3,19512.64,0,808.26
105.75,2,25.68,0.2,15044.16,-1,513.64
106,2,31.01,0.2,34762.71,0,620.28
106.25,2,46.31,0.2,68575.02,0,926.23
106.5,1,25.46,0.1,0,-1,254.56
106.75,2,29.7,0.2,0,1,593.97
107,1,38.42,0.1,0,-1,384.19
107.25,1,40.8,0.1,0,0,408.04
107.5,0,0,0,0,-1,0
107.75,1,12.37,0.1,0,1,123.69
108,1,15.3,0.1,0,0,152.97
108.25,1,16.16,0.1,0,0,161.55
108.5,2,15.92,0.2,4793.71,1,318.47
108.75,3,17.58,0.3,11829.06,1,527.53
109,2,23.72,0.2,20250,-1,474.34
109.25,2,36.37,0.2,57610.84,0,727.43
109.5,1,18.97,0.1,0,-1,189.74
109.75,1,9.49,0.1,0,0,94.87
110,1,27.66,0.1,0,0,276.59
110.25,1,19.21,0.1,0,0,192.09
110.5,1,32.45,0.1,0,0,324.5
110.75,1,43.27,0.1,0,0,432.67
111,3,30.62,0.3,76312.58,2,918.74
111.25,2,7.5,0.2,225,-1,150
111.5,2,7.5,0.2,225,0,150
111.75,2,12.84,0.2,3761.04,0,256.82
112,3,9.36,0.3,540.59,1,280.78
112.25,3,12.72,0.3,1819.52,0,381.61
112.5,3,16.94,0.3,5489.16,0,508.33
112.75,4,17.08,0.4,4796.6,1,683.27
113,4,23.06,0.4,21545.37,0,922.21
113.25,4,32.83,0.4,54423.06,0,1313.33
113.5,3,23.88,0.3,11987.38,-1,716.32
113.75,4,30.25,0.4,23093.28,1,1210
114,3,21.4,0.3,21101.76,-1,642.02
114.25,3,36.44,0.3,89782.03,0,1093.33
114.5,1,9,0.1,0,-2,90
114.75,2,25.77,0.2,10974.74,1,515.46
115,3,25.81,0.3,37775.69,1,774.35
115.25,2,13.99,0.2,2486.85,-1,279.74
115.5,2,18.28,0.2,3491.31,0,365.56
115.75,2,24.27,0.2,8594.24,0,485.41
116,2,29.56,0.2,26047.1,0,591.11
116.25,3,27.57,0.3,41896.89,1,827.06
116.5,2,18.28,0.2,3491.31,-1,365.56
116.75,2,23.29,0.2,11920.21,0,465.75
117,3,20.89,0.3,19973.93,1,626.61
117.25,3,33.02,0.3,50589.7,0,990.5
117.5,2,16.59,0.2,5765.95,-1,331.87
117.75,2,21.51,0.2,14465.1,0,430.28
118,2,27.98,0.2,36019.16,0,559.57
118.25,2,48.59,0.2,110845.73,0,971.81
118.5,1,17.49,0.1,0,-1,174.93
118.75,1,20.12,0.1,0,0,201.25
119,1,28.3,0.1,0,0,283.02
119.25,1,36.62,0.1,0,0,366.2
119.5,1,49.93,0.1,0,0,499.3
119.75,0,0,0,0,-1,0
120,0,0,0,0,0,0
120.25,0,0,0,0,0,0
120.5,0,0,0,0,0,0
120.75,1,9.49,0.1,0,1,94.87
121,1,6,0.1,0,0,60
121.25,1,16.16,0.1,0,0,161.55
121.5,1,16.16,0.1,0,0,161.55
121.75,1,21.84,0.1,0,0,218.4
122,1,30.89,0.1,0,0,308.87
122.25,2,40.25,0.2,0,1,804.98
122.5,0,0,0,0,-2,0
122.75,2,18.97,0.2,0,2,379.47
123,1,15,0.1,0,-1,150
123.25,3,18.84,0.3,9491.35,2,565.31
123.5,2,22.45,0.2,24767.78,-1,448.92
123.75,2,30.7,0.2,47073.26,0,613.93
124,3,15.79,0.3,1169.66,1,473.68
124.25,1,10.82,0.1,0,-2,108.17
124.5,1,15,0.1,0,0,150
124.75,2,19.21,0.2,0,1,384.19
125,2,15.45,0.2,7637.51,0,308.95
125.25,1,9,0.1,0,-1,90
125.5,3,29.2,0.3,26918.82,2,876.09
125.75,2,32.17,0.2,64820.94,-1,643.36
126,1,13.42,0.1,0,-1,134.16
126.25,2,12.71,0.2,50.16,1,254.16
126.5,2,14.75,0.2,754.29,0,294.93
126.75,2,22.65,0.2,5404.41,0,452.97
127,2,25.07,0.2,1043.81,0,501.42
127.25,2,33.39,0.2,3281.33,0,667.74
127.5,2,50.05,0.2,3311.29,0,1000.98
127.75,3,27.71,0.3,94234.77,1,831.2
128,2,6.24,0.2,1051.98,-1,124.87
128.25,2,9.18,0.2,1014.2,0,183.69
128.5,2,9.91,0.2,82.51,0,198.17
128.75,2,13.49,0.2,1602.41,0,269.8
129,2,14.93,0.2,656.27,0,298.62
129.25,2,21.58,0.2,679.41,0,431.6
129.5,2,27.55,0.2,7354.02,0,550.98
129.75,2,35.32,0.2,9377.97,0,706.32
130,2,49.01,0.2,16287.68,0,980.23
130.25,1,44.29,0.1,0,-1,442.94
130.5,0,0,0,0,-1,0
130.75,0,0,0,0,0,0
131,0,0,0,0,0,0
131.25,0,0,0,0,0,0
131.5,0,0,0,0,0,0
131.75,1,4.24,0.1,0,1,42.43
132,1,6.71,0.1,0,0,67.08
132.25,1,9.49,0.1,0,0,94.87
132.5,1,9.49,0.1,0,0,94.87
132.75,1,16.16,0.1,0,0,161.55
133,1,21.84,0.1,0,0,218.4
133.25,1,40.8,0.1,0,0,408.04
133.5,1,28.46,0.1,0,0,284.6
133.75,1,37.59,0.1,0,0,375.9
134,2,52.5,0.2,661.19,1,1050.03
134.25,0,0,0,0,-2,0
134.5,0,0,0,0,0,0
134.75,0,0,0,0,0,0
135,0,0,0,0,0,0
135.25,0,0,0,0,0,0
135.5,0,0,0,0,0,0
135.75,0,0,0,0,0,0
136,0,0,0,0,0,0
136.25,0,0,0,0,0,0
136.5,1,0,0.1,0,1,0
136.75,1,6,0.1,0,0,60
137,1,15,0.1,0,0,150
137.25,1,3,0.1,0,0,30
137.5,1,12.37,0.1,0,0,123.69
137.75,2,9.18,0.2,1014.2,1,183.69
138,2,7.74,0.2,303.95,0,154.87
138.25,3,10.93,0.3,4253.28,1,327.9
138.5,3,13.94,0.3,6961.09,0,418.27
138.75,3,20.16,0.3,15439.79,0,604.93
139,3,24.02,0.3,26312.5,0,720.55
139.25,4,22.17,0.4,13859.56,1,886.71
139.5,3,17.92,0.3,1789.85,-1,537.58
139.75,3,19.5,0.3,11025,0,585
140,4,24.47,0.4,18440.52,1,978.65
140.25,4,31.85,0.4,37186.47,0,1273.82
140.5,2,17.63,0.2,1774.06,-2,352.57
140.75,2,21.49,0.2,2850.13,0,429.88
141,2,26.83,0.2,4500,0,536.66
141.25,2,36.26,0.2,8894.21,0,725.27
141.5,2,51.2,0.2,14604.55,0,1024
141.75,1,51.61,0.1,0,-1,516.14
142,1,76.84,0.1,0,0,768.37
142.25,0,0,0,0,-1,0
142.5,0,0,0,0,0,0
142.75,1,4.24,0.1,0,1,42.43
143,1,6.71,0.1,0,0,67.08
143.25,1,9.49,0.1,0,0,94.87
143.5,1,3,0.1,0,0,30
143.75,1,13.42,0.1,0,0,134.16
144,2,15,0.2,0,1,300
144.25,2,46.96,0.2,0,0,939.15
144.5,2,19.24,0.2,7091.31,0,384.75
144.75,2,29.4,0.2,17533.09,0,587.94
145,3,34.45,0.3,62822.2,1,1033.49
145.25,3,8.41,0.3,580,0,252.25
145.5,4,7.99,0.4,214.86,1,319.63
145.75,4,12.55,0.4,756.17,0,501.9
146,4,9.55,0.4,561.45,0,381.86
146.25,4,12.07,0.4,2083.47,0,482.77
146.5,4,14.53,0.4,4768.27,0,581.13
146.75,5,13.58,0.5,7659.93,1,678.97
147,5,16.99,0.5,15938.28,0,849.73
147.25,5,17.33,0.5,17140.7,0,866.3
147.5,3,16.97,0.3,8095.25,-2,509.16
147.75,5,19.59,0.5,12689.06,2,979.62
148,5,22.1,0.5,31280.79,0,1104.75
148.25,4,17.1,0.4,4517.98,-1,683.89
148.5,4,19.34,0.4,6024.76,0,773.57
148.75,5,19.25,0.5,12267.84,1,962.45
149,5,25.55,0.5,33020.99,0,1277.29
149.25,5,22.75,0.5,41840.75,0,1137.53
149.5,4,17.16,0.4,11496.07,-1,686.49
149.75,5,19.11,0.5,22539.54,1,955.25
150,4,13.7,0.4,10038.39,-1,547.89
150.25,3,17.06,0.3,16194.79,-1,511.81
150.5,5,17.47,0.5,43649.84,2,873.36
150.75,4,7.46,0.4,1412.52,-1,298.33
151,5,12.65,0.5,5055.82,1,632.54
151.25,5,16.03,0.5,7612.81,0,801.36
151.5,6,14.2,0.6,15975.09,1,852.23
151.75,6,18.13,0.6,22032.92,0,1087.76
152,5,17.89,0.5,14268.56,-1,894.31
152.25,5,19.56,0.5,11763.79,0,978.22
152.5,5,15.74,0.5,13913.94,0,787.18
152.75,5,21.33,0.5,26497.09,0,1066.57
153,4,17.03,0.4,7235.84,-1,681.05
153.25,5,16.39,0.5,14535.04,1,819.53
153.5,5,21.86,0.5,25113.25,0,1093.01
153.75,4,17.7,0.4,10963.9,-1,708.08
154,4,22.93,0.4,18961.94,0,917.28
154.25,3,20.62,0.3,9365.56,-1,618.72
154.5,3,29.72,0.3,16974.68,0,891.59
154.75,2,18.28,0.2,3491.31,-1,365.56
155,2,25.14,0.2,9691.08,0,502.83
155.25,2,33.11,0.2,14145.29,0,662.13
155.5,1,24.19,0.1,0,-1,241.87
155.75,1,29.55,0.1,0,0,295.47
156,2,27.48,0.2,23952.92,1,549.53
156.25,2,24.35,0.2,45570.8,0,486.95
156.5,1,4.24,0.1,0,-1,42.43
156.75,1,8.49,0.1,0,0,84.85
157,1,12.37,0.1,0,0,123.69
157.25,1,16.16,0.1,0,0,161.55
157.5,2,0,0.2,0,1,0
157.75,2,6.71,0.2,0,0,134.16
158,3,12.78,0.3,8266.98,1,383.4
158.25,2,17.58,0.2,11829.06,-1,351.69
158.5,3,17.77,0.3,13861.03,1,533.2
158.75,3,24.29,0.3,13277.4,0,728.84
159,1,9,0.1,0,-2,90
159.25,1,12.37,0.1,0,0,123.69
159.5,2,13.42,0.2,0,1,268.33
159.75,2,15.15,0.2,2.21,0,302.97
160,1,15,0.1,0,-1,150
160.25,1,16.16,0.1,0,0,161.55
160.5,1,18.25,0.1,0,0,182.48
160.75,1,25.63,0.1,0,0,256.32
161,1,29.55,0.1,0,0,295.47
161.25,1,42.95,0.1,0,0,429.53
161.5,0,0,0,0,-1,0
161.75,0,0,0,0,0,0
162,0,0,0,0,0,0
162.25,0,0,0,0,0,0
162.5,1,9,0.1,0,1,90
162.75,1,6,0.1,0,0,60
163,1,6,0.1,0,0,60
163.25,1,6.71,0.1,0,0,67.08
163.5,1,12.37,0.1,0,0,123.69
163.75,2,9.49,0.2,0,1,189.74
164,2,10.68,0.2,283.81,0,213.69
164.25,3,9.62,0.3,2143.19,1,288.64
164.5,3,10.71,0.3,4433.44,0,321.25
164.75,3,16.23,0.3,5759.83,0,486.89
165,3,19.34,0.3,12699.87,0,580.17
165.25,4,23.32,0.4,34714.15,1,932.83
165.5,2,15.73,0.2,18.42,-2,314.53
165.75,2,15.58,0.2,33.38,0,311.55
166,2,18.92,0.2,1539.51,0,378.47
166.25,3,20.12,0.3,12000,1,603.74
166.5,3,26.98,0.3,16013.73,0,809.37
166.75,3,19.56,0.3,27431.28,0,586.87
167,2,25.15,0.2,24519.77,-1,502.91
167.25,2,8.76,0.2,421.98,0,175.25
167.5,2,10.06,0.2,1125,0,201.25
167.75,2,11.21,0.2,487.62,0,224.16
168,2,16.82,0.2,2320.02,0,336.33
168.25,1,15,0.1,0,-1,150
168.5,3,19.17,0.3,19068.66,2,574.96
168.75,3,23.59,0.3,27456.41,0,707.67
169,3,24.43,0.3,21910.32,0,732.94
169.25,3,10.32,0.3,3152.17,0,309.56
169.5,3,13.43,0.3,11052.82,0,403.02
169.75,4,16.11,0.4,16135.72,1,644.23
170,4,17.55,0.4,37829.1,0,701.95
170.25,3,12.16,0.3,1424.36,-1,364.67
170.5,4,10.54,0.4,3290.73,1,421.6
170.75,4,13.21,0.4,4144.24,0,528.48
171,4,17.16,0.4,5424.21,0,686.45
171.25,4,18.48,0.4,14456.72,0,739.12
171.5,4,18.92,0.4,17089.61,0,756.68
171.75,4,13.66,0.4,8561.02,0,546.46
172,4,27.83,0.4,46531.18,0,1113.15
172.25,4,24.38,0.4,17757.69,0,975.03
172.5,2,24.67,0.2,32273.78,-2,493.46
172.75,2,27.48,0.2,23952.92,0,549.53
173,3,16.18,0.3,15219.66,1,485.41
173.25,4,19.04,0.4,14148.65,1,761.59
173.5,3,14.81,0.3,5065.65,-1,444.31
173.75,2,11.43,0.2,2231.28,-1,228.64
174,2,15.42,0.2,4121.85,0,308.4
174.25,3,13.96,0.3,10514.72,1,418.77
174.5,3,24.74,0.3,0,0,742.16
174.75,2,18.9,0.2,4765.81,-1,378.07
175,2,15.67,0.2,1090.44,0,313.43
175.25,3,13.19,0.3,7514.62,1,395.56
175.5,3,16.92,0.3,14586,0,507.47
175.75,3,22.28,0.3,22661.54,0,668.39
176,4,17.76,0.4,8363.44,1,710.34
176.25,3,13.99,0.3,2486.85,-1,419.6
176.5,4,16.57,0.4,8331.75,1,662.64
176.75,3,14.11,0.3,8300.53,-1,423.2
177,4,10.78,0.4,2337.34,1,431.05
177.25,3,9.73,0.3,735.32,-1,291.86
177.5,3,10.39,0.3,1814.84,0,311.55
177.75,3,11.83,0.3,1602.86,0,354.93
178,4,12.21,0.4,4588.9,1,488.44
178.25,4,13.64,0.4,7057.98,0,545.41
178.5,4,15.75,0.4,13675.86,0,629.91
178.75,4,21.39,0.4,24673.1,0,855.59
179,3,11.56,0.3,2835.2,-1,346.82
179.25,4,11.03,0.4,7634.55,1,441.19
179.5,4,14.2,0.4,11112.55,0,567.98
179.75,3,6.24,0.3,11.15,-1,187.08
180,3,6.61,0.3,1036.67,0,198.17
180.25,4,14.13,0.4,4098.56,1,565.35
180.5,4,11.8,0.4,3167.36,0,472.15
180.75,4,12.44,0.4,2526.16,0,497.58
181,4,16.07,0.4,5002.06,0,642.78
181.25,4,17.33,0.4,7532.85,0,693.31
181.5,4,21.04,0.4,16938.55,0,841.54
181.75,4,22.88,0.4,35250.89,0,915.2
182,2,14.75,0.2,754.29,-2,294.93
182.25,3,13.54,0.3,3858.16,1,406.3
182.5,4,8.94,0.4,1000,1,357.77
182.75,4,14.64,0.4,13882.88,0,585.73
183,5,17.85,0.5,28978.04,1,892.5
183.25,3,10.99,0.3,6378.95,-2,329.6
183.5,3,10.51,0.3,3057.63,0,315.25
183.75,4,7.7,0.4,1725.92,1,307.87
184,3,9.8,0.3,2397.22,-1,293.98
184.25,3,10.49,0.3,4302.63,0,314.6
184.5,3,11.22,0.3,7501.14,0,336.73
184.75,3,14.23,0.3,16648.24,0,426.93
185,2,23.76,0.2,29063.78,-1,475.13
185.25,3,21.02,0.3,60535.76,1,630.46
185.5,2,6,0.2,0,-1,120
185.75,3,9.54,0.3,801.2,1,286.16
186,1,9.49,0.1,0,-2,94.87
186.25,2,6.71,0.2,0,1,134.16
186.5,2,5.48,0.2,151.98,0,109.51
186.75,2,9.36,0.2,1131.62,0,187.28
187,3,4.65,0.3,237.49,1,139.51
187.25,3,4.65,0.3,237.49,0,139.51
187.5,4,3.31,0.4,28.95,1,132.43
187.75,4,4,0.4,800,0,160
188,4,2.83,0.4,400,0,113.14
188.25,3,3.65,0.3,767.54,-1,109.51
188.5,4,4.99,0.4,432.35,1,199.71
188.75,4,4.24,0.4,229.18,0,169.51
189,4,6.47,0.4,3011.15,0,258.89
189.25,4,6.91,0.4,2874.92,0,276.41
189.5,5,2.79,0.5,661.5,1,139.51
189.75,6,8.2,0.6,3923.44,1,492.09
190,7,6.24,0.7,4802.94,1,436.98
190.25,6,7.31,0.6,4252.5,-1,438.76
190.5,6,10.65,0.6,8988.98,0,639.25
190.75,4,14.64,0.4,21104.22,-2,585.43
191,4,8.45,0.4,7485.53,0,337.98
191.25,4,5.55,0.4,6367.15,0,222.09
191.5,4,6.24,0.4,2102.94,0,249.71
191.75,3,6.41,0.3,1585.79,-1,192.43
192,4,6.93,0.4,3742.14,1,277.35
192.25,4,5.6,0.4,2484.4,0,224.16
192.5,3,3.24,0.3,752.79,-1,97.08
192.75,4,4.5,0.4,675,1,180
193,5,8.3,0.5,12015.89,1,414.85
193.25,4,3.18,0.4,565.63,-1,127.08
193.5,4,6.07,0.4,2835.33,0,242.97
193.75,4,7.2,0.4,11688.49,0,288.07
194,4,5.54,0.4,3907.09,0,221.55
194.25,2,18.27,0.2,23318.85,-2,365.41
194.5,4,4.68,0.4,957.91,2,187.28
194.75,5,7.57,0.5,7050.32,1,378.47
195,3,5.24,0.3,258.36,-2,157.08
195.25,3,4.24,0.3,905.57,0,127.08
195.5,5,13.28,0.5,30960,2,664.08
195.75,3,7.36,0.3,1484.26,-2,220.78
196,5,4.73,0.5,2081,2,236.59
196.25,4,9.27,0.4,4008.82,-1,370.75
196.5,4,9.17,0.4,2837.49,0,366.88
196.75,5,8.97,0.5,3825.92,1,448.72
197,5,9.84,0.5,13725.53,0,491.79
197.25,4,13.48,0.4,21888.68,-1,539.06
197.5,4,14.7,0.4,25862.76,0,588.04
197.75,3,7.82,0.3,6788.92,-1,234.52
198,3,10.64,0.3,3680.76,0,319.18
198.25,3,10.06,0.3,9975.1,0,301.87
198.5,3,10.36,0.3,13870.18,0,310.75
198.75,4,8.7,0.4,10202.97,1,348.07
199,6,14.43,0.6,20415.93,2,866.04
199.25,3,6.62,0.3,565.81,-3,198.64
199.5,4,6.4,0.4,706.12,1,255.93
199.75,3,8.82,0.3,5425.46,-1,264.52
200,3,4.24,0.3,1200,0,127.28
200.25,4,8.65,0.4,2117.26,1,346.01
200.5,5,8.32,0.5,5849.69,1,416.24
200.75,4,12.2,0.4,7837.05,-1,488.06
201,4,5.13,0.4,1642.06,0,205.25
201.25,6,12.2,0.6,18568.57,2,731.94
201.5,5,15.76,0.5,22318.92,-1,788.05
201.75,3,7.6,0.3,78.95,-2,227.9
202,3,8.08,0.3,6525,0,242.33
202.25,5,7.17,0.5,5208.44,2,358.52
202.5,4,9.51,0.4,6030.61,-1,380.41
202.75,6,9.66,0.6,16309.1,2,579.89
203,6,13.28,0.6,30809.08,0,796.91
203.25,4,6.48,0.4,2781.39,-2,259.03
203.5,4,8.93,0.4,3958.04,0,357.03
203.75,4,10.96,0.4,7108.83,0,438.47
204,3,11.79,0.3,7103.62,-1,353.65
204.25,4,5.12,0.4,5250.27,1,204.93
204.5,2,11.72,0.2,13725,-2,234.31
204.75,3,11.22,0.3,13512.18,1,336.59
205,4,13.35,0.4,21090.24,1,534.19
205.25,4,18.86,0.4,39442.99,0,754.26
205.5,2,6.24,0.2,1051.98,-2,124.87
205.75,3,4.16,0.3,1567.54,1,124.87
206,2,6,0.2,0,-1,120
206.25,3,10.06,0.3,1125,1,301.87
206.5,4,12.02,0.4,5790.97,1,480.98
206.75,4,6.24,0.4,5551.98,0,249.74
207,3,7.58,0.3,559.68,-1,227.29
207.25,3,6,0.3,600,0,180
207.5,3,10.15,0.3,44.21,0,304.55
207.75,3,8.73,0.3,1681.05,0,261.86
208,4,10.81,0.4,4284.4,1,432.49
208.25,5,13.41,0.5,11907.33,1,670.31
208.5,5,8.92,0.5,7796.9,0,445.9
208.75,5,10.61,0.5,8534.54,0,530.69
209,4,17.03,0.4,19280.94,-1,681.4
209.25,4,17.54,0.4,43499.79,0,701.43
209.5,4,8.43,0.4,2786.98,0,337.35
209.75,4,10.24,0.4,1222.29,0,409.44
210,4,12.3,0.4,3984.64,0,492.18
210.25,4,9.18,0.4,3265.82,0,367.35
210.5,3,12.49,0.3,4811.77,-1,374.56
210.75,4,13.03,0.4,14962.39,1,521.35
211,5,17.59,0.5,22171.31,1,879.33
211.25,3,10.41,0.3,2968.51,-2,312.22
211.5,5,11.19,0.5,5029.55,2,559.47
211.75,4,4.95,0.4,1145.63,-1,198.17
212,5,13.91,0.5,12147.97,1,695.56
212.25,5,13.15,0.5,23741.11,0,657.63
212.5,7,16.93,0.7,19348.32,2,1184.88
212.75,5,11.34,0.5,1911.66,-2,566.75
213,6,9.76,0.6,2917.08,1,585.82
213.25,5,8.33,0.5,987.39,-1,416.31
213.5,5,9.66,0.5,2917.27,0,482.77
213.75,4,16.72,0.4,5124.3,-1,668.74
214,5,14.66,0.5,11811.42,1,732.95
214.25,4,21.77,0.4,22345.87,-1,870.9
214.5,6,19.77,0.6,18667.1,2,1186.16
214.75,5,18.27,0.5,19722.57,-1,913.47
215,4,12.92,0.4,3794.2,-1,516.62
215.25,4,13.5,0.4,11467.24,0,540.12
215.5,2,22.21,0.2,26274.38,-2,444.19
215.75,4,19.23,0.4,42458.85,2,769.06
216,4,10.52,0.4,8052.72,0,420.9
216.25,4,13.88,0.4,8403.81,0,555.28
216.5,4,16.78,0.4,18883.81,0,671.01
216.75,3,7.63,0.3,171.57,-1,229.03
217,3,16.08,0.3,20933.56,0,482.49
217.25,3,23.91,0.3,51125.33,0,717.34
217.5,2,9.58,0.2,4326.68,-1,191.55
217.75,2,10.87,0.2,4389.2,0,217.35
218,3,12.84,0.3,8417.57,1,385.15
218.25,3,14.32,0.3,11590.91,0,429.63
218.5,2,8.76,0.2,421.98,-1,175.25
218.75,2,9.91,0.2,82.51,0,198.17
219,2,6.35,0.2,12.54,0,127.08
219.25,3,8.63,0.3,1844.69,1,259.03
219.5,4,9.93,0.4,2731.81,1,397.35
219.75,4,8.55,0.4,1916.87,0,341.95
220,4,13.97,0.4,11751.62,0,558.9
220.25,4,11.79,0.4,7689.98,0,471.76
220.5,4,15.75,0.4,13000.85,0,629.91
220.75,4,20.23,0.4,25902.16,0,809.18
221,3,13.46,0.3,4689.86,-1,403.72
221.25,3,17.08,0.3,8910.53,0,512.55
221.5,3,18.8,0.3,14615.22,0,563.93
221.75,2,15.66,0.2,3815.22,-1,313.27
222,1,6.71,0.1,0,-1,67.08
222.25,4,14.6,0.4,16718.37,3,583.87
222.5,3,23.72,0.3,27438.44,-1,711.59
222.75,2,10.5,0.2,2025,-1,210
223,3,13.25,0.3,1803.21,1,397.39
223.25,3,6,0.3,0,0,180
223.5,3,9.71,0.3,5575.08,0,291.25
223.75,2,20.15,0.2,6643.83,-1,403.02
224,2,22.34,0.2,9941.76,0,446.8
224.25,3,10.83,0.3,3569.05,1,324.93
224.5,3,11.95,0.3,2210.05,0,358.62
224.75,2,17.65,0.2,6658.68,-1,352.94
225,2,34.21,0.2,0,0,684.11
225.25,2,30.58,0.2,20800.14,0,611.55
225.5,3,21.46,0.3,10965.67,1,643.67
225.75,3,22.32,0.3,21891.49,0,669.53
226,4,16.23,0.4,4267.5,1,649.09
226.25,5,17.5,0.5,2979.34,1,874.94
226.5,4,15.12,0.4,6165.88,-1,604.77
226.75,4,13.23,0.4,18494.41,0,529.23
227,5,21.72,0.5,14905.54,1,1086.21
227.25,5,17.88,0.5,22939.37,0,893.88
227.5,3,15.01,0.3,15261.07,-2,450.39
227.75,3,7.4,0.3,226.45,0,221.95
228,3,9.6,0.3,91.19,0,287.89
228.25,3,11.55,0.3,1065.66,0,346.42
228.5,4,14.41,0.4,3546.27,1,576.25
228.75,4,12.95,0.4,6625.55,0,518.06
229,4,16.21,0.4,9943.29,0,648.47
229.25,5,18.08,0.5,19503.02,1,904.12
229.5,5,16.18,0.5,19363.73,0,808.95
229.75,4,17.69,0.4,6194.42,-1,707.74
230,3,22.61,0.3,10973.85,-1,678.33
230.25,5,20.58,0.5,23335.79,2,1029.13
230.5,3,22.54,0.3,25674,-2,676.34
230.75,3,9.96,0.3,2376.54,0,298.85
231,2,12.94,0.2,7560.88,-1,258.76
231.25,3,15.92,0.3,4793.71,1,477.71
231.5,3,22.23,0.3,8179.69,0,666.92
231.75,3,26.99,0.3,16572.4,0,809.6
232,5,27.17,0.5,30394.93,2,1358.54
232.25,2,9.18,0.2,1014.2,-3,183.69
232.5,2,9.58,0.2,4326.68,0,191.55
232.75,2,11.61,0.2,5425.08,0,232.16
233,2,13.42,0.2,4500,0,268.33
233.25,2,6,0.2,0,0,120
233.5,2,20.9,0.2,13023.55,0,417.98
233.75,2,29.33,0.2,41328.52,0,586.59
234,1,13.42,0.1,0,-1,134.16
234.25,1,19.21,0.1,0,0,192.09
234.5,1,20.12,0.1,0,0,201.25
234.75,0,0,0,0,-1,0
235,1,35.11,0.1,0,1,351.14
235.25,1,59.09,0.1,0,0,590.93
235.5,0,0,0,0,-1,0
235.75,0,0,0,0,0,0
236,0,0,0,0,0,0
236.25,0,0,0,0,0,0
236.5,0,0,0,0,0,0
236.75,0,0,0,0,0,0
237,0,0,0,0,0,0
237.25,0,0,0,0,0,0
237.5,0,0,0,0,0,0
237.75,0,0,0,0,0,0
238,0,0,0,0,0,0
238.25,0,0,0,0,0,0
238.5,0,0,0,0,0,0
238.75,0,0,0,0,0,0
239,0,0,0,0,0,0
239.25,1,0,0.1,0,1,0
239.5,2,12,0.2,0,1,240
239.75,1,21,0.1,0,-1,210
240,2,6,0.2,3600,1,120
240.25,2,13.06,0.2,501.85,0,261.14
240.5,2,7.6,0.2,78.95,0,151.93
240.75,2,8.49,0.2,1800,0,169.71
241,2,15.01,0.2,1760.94,0,300.26
241.25,2,17.61,0.2,2744.71,0,352.17
241.5,1,0,0.1,0,-1,0
241.75,1,21.21,0.1,0,0,212.13
242,0,0,0,0,-1,0
242.25,0,0,0,0,0,0
242.5,0,0,0,0,0,0
242.75,0,0,0,0,0,0
243,0,0,0,0,0,0
243.25,0,0,0,0,0,0
243.5,0,0,0,0,0,0
243.75,1,15.3,0.1,0,1,152.97
244,1,3,0.1,0,0,30
244.25,1,6.71,0.1,0,0,67.08
244.5,1,6.71,0.1,0,0,67.08
244.75,1,12,0.1,0,0,120
245,1,13.42,0.1,0,0,134.16
245.25,1,10.82,0.1,0,0,108.17
245.5,2,7.74,0.2,303.95,1,154.87
245.75,2,46.1,0.2,185745.54,0,921.96
246,2,12.92,0.2,9847.9,0,258.47
246.25,2,49.43,0.2,215571.11,0,988.59
246.5,3,45.89,0.3,87300.05,1,1376.74
246.75,2,15.45,0.2,7637.51,-1,308.95
247,1,15,0.1,0,-1,150
247.25,1,13.42,0.1,0,0,134.16
247.5,1,0,0.1,0,0,0
247.75,1,19.21,0.1,0,0,192.09
248,1,27.66,0.1,0,0,276.59
248.25,1,36.12,0.1,0,0,361.25
248.5,1,55.32,0.1,0,0,553.17
248.75,0,0,0,0,-1,0
249,0,0,0,0,0,0
249.25,0,0,0,0,0,0
249.5,0,0,0,0,0,0
249.75,0,0,0,0,0,0
250,0,0,0,0,0,0
250.25,0,0,0,0,0,0
250.5,1,15.3,0.1,0,1,152.97
250.75,1,16.16,0.1,0,0,161.55
251,1,18.97,0.1,0,0,189.74
251.25,1,25.81,0.1,0,0,258.07
251.5,1,39.12,0.1,0,0,391.15
251.75,1,60,0.1,0,0,600
252,1,105.68,0.1,0,0,1056.83
252.25,0,0,0,0,-1,0
252.5,0,0,0,0,0,0
252.75,1,6.71,0.1,0,1,67.08
253,1,6.71,0.1,0,0,67.08
253.25,1,10.82,0.1,0,0,108.17
253.5,1,13.42,0.1,0,0,134.16
253.75,1,19.21,0.1,0,0,192.09
254,1,28.3,0.1,0,0,283.02
254.25,1,34.21,0.1,0,0,342.05
254.5,1,0,0.1,0,0,0
254.75,1,68.48,0.1,0,0,684.76
255,0,0,0,0,-1,0
255.25,1,6,0.1,0,1,60
255.5,1,12,0.1,0,0,120
255.75,1,13.42,0.1,0,0,134.16
256,1,18.97,0.1,0,0,189.74
256.25,1,21.84,0.1,0,0,218.4
256.5,1,30.89,0.1,0,0,308.87
256.75,1,44.29,0.1,0,0,442.94
257,1,52.48,0.1,0,0,524.79
257.25,0,0,0,0,-1,0
257.5,0,0,0,0,0,0
257.75,0,0,0,0,0,0
258,1,10.82,0.1,0,1,108.17
258.25,1,12.37,0.1,0,0,123.69
258.5,2,14.56,0.2,3093.92,1,291.25
258.75,2,19.74,0.2,1975.68,0,394.84
259,2,26.62,0.2,7003.53,0,532.34
259.25,2,36.19,0.2,29652.52,0,723.87
259.5,2,57.23,0.2,92372.46,0,1144.51
259.75,1,36.25,0.1,0,-1,362.49
260,2,32.68,0.2,56085.8,1,653.65
260.25,1,6,0.1,0,-1,60
260.5,1,9,0.1,0,0,90
260.75,1,9.49,0.1,0,0,94.87
261,1,15,0.1,0,0,150
261.25,1,16.16,0.1,0,0,161.55
261.5,2,13.99,0.2,2486.85,1,279.74
261.75,2,15.09,0.2,8268.97,0,301.87
262,2,25.77,0.2,10974.74,0,515.46
262.25,2,29.57,0.2,40344.75,0,591.46
262.5,1,20.12,0.1,0,-1,201.25
262.75,1,13.42,0.1,0,0,134.16
263,1,13.42,0.1,0,0,134.16
263.25,1,32.45,0.1,0,0,324.5
263.5,1,47.43,0.1,0,0,474.34
263.75,2,9,0.2,0,1,180
264,2,10.74,0.2,157.9,0,214.87
264.25,2,12.39,0.2,843.97,0,247.84
264.5,2,15.67,0.2,1090.44,0,313.43
264.75,2,22.9,0.2,1544.16,0,458.06
265,2,32.62,0.2,2465.75,0,652.49
265.25,2,51.1,0.2,45795.55,0,1021.97
265.5,1,34.21,0.1,0,-1,342.05
265.75,1,54.08,0.1,0,0,540.83
266,2,65.52,0.2,0,1,1310.42
266.25,1,6,0.1,0,-1,60
266.5,1,6,0.1,0,0,60
266.75,1,9,0.1,0,0,90
267,1,12.37,0.1,0,0,123.69
267.25,1,12.37,0.1,0,0,123.69
267.5,1,17.49,0.1,0,0,174.93
267.75,2,12.49,0.2,4207.9,1,249.74
268,3,12.48,0.3,7519.27,1,374.47
268.25,3,15.93,0.3,13615.2,0,477.98
268.5,3,19.36,0.3,26701.3,0,580.94
268.75,3,27.88,0.3,54254.55,0,836.49
269,2,12.84,0.2,3761.04,-1,256.82
269.25,3,11.78,0.3,6827.75,1,353.34
269.5,2,8.41,0.2,580,-1,168.17
269.75,4,21.54,0.4,27159.18,2,861.77
270,4,28.8,0.4,74317.11,0,1152.1
270.25,3,14.83,0.3,4406.85,-1,444.9
270.5,3,21.13,0.3,8133.72,0,634.03
270.75,3,25.6,0.3,17585.63,0,767.87
271,5,18.76,0.5,11609.8,2,937.95
271.25,3,14.82,0.3,18848.71,-2,444.48
271.5,3,29.7,0.3,25811.81,0,890.89
271.75,3,30.72,0.3,80503.87,0,921.72
272,3,23.94,0.3,41073.48,0,718.29
272.25,3,14.93,0.3,656.27,0,447.93
272.5,2,17.42,0.2,2941.61,-1,348.47
272.75,2,24.02,0.2,6189.71,0,480.46
273,2,39.12,0.2,0,0,782.3
273.25,2,40.24,0.2,30242.6,0,804.75
273.5,1,34.99,0.1,0,-1,349.86
273.75,2,39.12,0.2,0,1,782.3
274,2,42.69,0.2,110250,0,853.81
274.25,1,12.73,0.1,0,-1,127.28
274.5,1,15.3,0.1,0,0,152.97
274.75,0,0,0,0,-1,0
275,2,6,0.2,0,2,120
275.25,2,19.58,0.2,16565.95,0,391.58
275.5,2,27.5,0.2,22904.85,0,550.07
275.75,3,25.65,0.3,61724.15,1,769.4
276,2,10.85,0.2,1718.85,-1,217.08
276.25,2,13.25,0.2,1803.21,0,264.93
276.5,2,17,0.2,2145.54,0,340.03
276.75,2,24.75,0.2,8938,0,495.02
277,3,33.54,0.3,11984.22,1,1006.3
277.25,2,34.84,0.2,18568.53,-1,696.8
277.5,1,27.66,0.1,0,-1,276.59
277.75,1,42.95,0.1,0,0,429.53
278,2,37.54,0.2,65207.17,1,750.71
278.25,1,6.71,0.1,0,-1,67.08
278.5,1,9,0.1,0,0,90
278.75,1,10.82,0.1,0,0,108.17
279,1,12.37,0.1,0,0,123.69
279.25,2,14.81,0.2,2829.06,1,296.11
279.5,2,16.59,0.2,5765.95,0,331.87
279.75,2,22.24,0.2,16254.82,0,444.73
280,3,21.88,0.3,39429.25,1,656.38
280.25,3,19.33,0.3,14246.79,0,579.81
280.5,2,12.84,0.2,3761.04,-1,256.82
280.75,2,15.67,0.2,1090.44,0,313.43
281,2,10.06,0.2,1125,0,201.25
281.25,3,24.57,0.3,6836.75,1,737.07
281.5,3,31.97,0.3,35187.55,0,959.12
281.75,3,16.14,0.3,11158.92,0,484.12
282,4,17.49,0.4,6621.07,1,699.47
282.25,4,14.1,0.4,2605.78,0,564.19
282.5,4,14.53,0.4,1380.73,0,581.3
282.75,2,13.06,0.2,501.85,-2,261.14
283,3,26.54,0.3,18045.83,1,796.3
283.25,3,34.49,0.3,35565.84,0,1034.6
283.5,2,28.28,0.2,8664.1,-1,565.64
283.75,3,28.37,0.3,38292.6,1,851.21
284,2,19.94,0.2,11975.9,-1,398.87
284.25,2,28.17,0.2,34921.64,0,563.48
284.5,2,27.6,0.2,46663.9,0,552.04
284.75,2,13.42,0.2,0,0,268.33
285,2,14.08,0.2,431.7,0,281.55
285.25,2,14.56,0.2,3093.92,0,291.25
285.5,2,19.52,0.2,3730.52,0,390.48
285.75,2,26.29,0.2,3797.86,0,525.75
286,4,20.69,0.4,32549.36,2,827.77
286.25,3,6.35,0.3,12.54,-1,190.62
286.5,2,9.71,0.2,1375.08,-1,194.16
286.75,3,31.98,0.3,74139.53,1,959.35
287,2,16.16,0.2,0,-1,323.11
287.25,2,17.49,0.2,0,0,349.86
287.5,2,23.82,0.2,393.36,0,476.47
287.75,2,29.67,0.2,147.18,0,593.47
288,2,39.27,0.2,3282.71,0,785.41
288.25,2,57.14,0.2,5597.39,0,1142.81
288.5,0,0,0,0,-2,0
288.75,0,0,0,0,0,0
289,0,0,0,0,0,0
289.25,0,0,0,0,0,0
289.5,1,0,0.1,0,1,0
289.75,1,12.37,0.1,0,0,123.69
290,1,12.37,0.1,0,0,123.69
290.25,1,16.16,0.1,0,0,161.55
290.5,2,13.99,0.2,2486.85,1,279.74
290.75,2,17.56,0.2,6516.67,0,351.19
291,2,22.85,0.2,26069,0,457.08
291.25,2,34.54,0.2,38187.55,0,690.83
291.5,2,21.48,0.2,3820.21,0,429.56
291.75,1,10.82,0.1,0,-1,108.17
292,3,8.76,0.3,421.98,2,262.87
292.25,3,21.36,0.3,20955.47,0,640.94
292.5,3,26.03,0.3,24365.48,0,780.78
292.75,2,20.72,0.2,13747.52,-1,414.5
293,2,28.68,0.2,26619.04,0,573.69
293.25,2,34.74,0.2,63789.5,0,694.87
293.5,2,18.25,0.2,0,0,364.97
293.75,2,16.25,0.2,1503.61,0,324.94
294,1,18.25,0.1,0,-1,182.48
294.25,2,35.11,0.2,0,1,702.28
294.5,2,28.98,0.2,19534.9,0,579.53
294.75,2,31.22,0.2,26299.38,0,624.34
295,1,25.63,0.1,0,-1,256.32
295.25,1,28.3,0.1,0,0,283.02
295.5,1,36.62,0.1,0,0,366.2
295.75,2,30.98,0.2,46207.23,1,619.65
296,1,12,0.1,0,-1,120
296.25,1,9,0.1,0,0,90
296.5,1,16.16,0.1,0,0,161.55
296.75,1,17.49,0.1,0,0,174.93
297,1,57.71,0.1,0,0,577.06
297.25,1,0,0.1,0,0,0
297.5,3,51.61,0.3,0,2,1548.42
297.75,3,33.59,0.3,92643.53,0,1007.82
298,1,13.42,0.1,0,-2,134.16
298.25,2,11,0.2,1844.21,1,220.05
298.5,3,18.56,0.3,16570.52,1,556.66
298.75,5,48.77,0.5,186274.41,2,2438.5
299,3,18.18,0.3,5663.94,-2,545.27
299.25,2,21.63,0.2,11700,-1,432.67
299.5,2,24.06,0.2,22673.15,0,481.15
299.75,3,25.03,0.3,43561.14,1,750.83
300,2,10.74,0.2,157.9,-1,214.87
300.25,2,10.65,0.2,2160.88,0,212.97
300.5,2,6.62,0.2,565.81,0,132.43
300.75,3,14.67,0.3,6687.59,1,440.01
301,3,20.12,0.3,18006.06,0,603.69
301.25,3,26.06,0.3,34690.29,0,781.78
301.5,4,16.28,0.4,800.68,1,651.14
301.75,4,19.77,0.4,5320.49,0,790.74
302,4,22.78,0.4,5422.51,0,911.07
302.25,4,22.89,0.4,16915.75,0,915.5
302.5,4,31.31,0.4,27965,0,1252.42
302.75,3,31.1,0.3,58064.31,-1,933.07
303,3,11.08,0.3,2578.35,0,332.33
303.25,3,19.5,0.3,11025,0,585
303.5,4,24.69,0.4,13423.66,1,987.74
303.75,4,27.61,0.4,30401.01,0,1104.53
304,3,25.62,0.3,39375.9,-1,768.52
304.25,2,10.65,0.2,2160.88,-1,212.97
304.5,1,18.97,0.1,0,-1,189.74
304.75,2,22.3,0.2,1108.34,1,446.06
305,2,25.65,0.2,787.69,0,513.08
305.25,2,32.4,0.2,4351.4,0,648.07
305.5,1,41.68,0.1,0,-1,416.77
305.75,2,27.93,0.2,35837.33,1,558.61
306,2,38.1,0.2,68128.32,0,762.03
306.25,1,12,0.1,0,-1,120
306.5,1,12,0.1,0,0,120
306.75,1,18.25,0.1,0,0,182.48
307,3,15.66,0.3,3815.22,2,469.91
307.25,3,12.31,0.3,4053.44,0,369.21
307.5,3,17.58,0.3,8990.8,0,527.43
307.75,3,21.26,0.3,16295.72,0,637.84
308,3,26.65,0.3,52881.76,0,799.48
308.25,2,15.58,0.2,33.38,-1,311.55
308.5,2,17.49,0.2,0,0,349.86
308.75,3,26.73,0.3,85.72,1,801.98
309,2,32.9,0.2,10106.43,-1,658.01
309.25,2,42.16,0.2,23.07,0,843.15
309.5,2,42.93,0.2,2031.94,0,858.53
309.75,0,0,0,0,-2,0
310,0,0,0,0,0,0
310.25,0,0,0,0,0,0
310.5,0,0,0,0,0,0
310.75,0,0,0,0,0,0
311,0,0,0,0,0,0
311.25,0,0,0,0,0,0
311.5,0,0,0,0,0,0
311.75,0,0,0,0,0,0
312,0,0,0,0,0,0
312.25,0,0,0,0,0,0
312.5,0,0,0,0,0,0
312.75,2,9.24,0.2,5.93,2,184.87
313,1,6,0.1,0,-1,60
313.25,2,12.82,0.2,1111.78,1,256.42
313.5,2,9.49,0.2,0,0,189.74
313.75,2,20.01,0.2,5844.08,0,400.28
314,2,27.43,0.2,8437.69,0,548.68
314.25,3,39.49,0.3,42079,1,1184.6
314.5,2,39.25,0.2,2544.8,-1,785
314.75,2,25.63,0.2,0,0,512.64
315,2,23.6,0.2,37463.19,0,471.96
315.25,2,18.57,0.2,8255.36,0,371.45
315.5,1,12.73,0.1,0,-1,127.28
315.75,1,40.25,0.1,0,0,402.49
316,1,3,0.1,0,0,30
316.25,2,15.67,0.2,5156.7,1,313.33
316.5,2,18.57,0.2,8255.36,0,371.45
316.75,2,25.59,0.2,21821.52,0,511.78
317,3,36.16,0.3,44763.81,1,1084.72
317.25,3,17.65,0.3,13539.01,0,529.57
317.5,2,9.58,0.2,4326.68,-1,191.55
317.75,2,19.3,0.2,15853.62,0,385.99
318,2,30.24,0.2,43083.58,0,604.87
318.25,2,25.88,0.2,30243.53,0,517.52
318.5,2,33.41,0.2,39994.15,0,668.3
318.75,1,16.97,0.1,0,-1,169.71
319,2,13.42,0.2,0,1,268.33
319.25,2,10.85,0.2,1718.85,0,217.08
319.5,2,21.68,0.2,30402.41,0,433.58
319.75,3,13.41,0.3,13805.89,1,402.43
320,3,22.23,0.3,30400.27,0,666.78
320.25,2,7.74,0.2,303.95,-1,154.87
320.5,3,11.45,0.3,386.04,1,343.55
320.75,3,10.63,0.3,390.92,0,319.03
321,3,12.97,0.3,5671.35,0,389.18
321.25,3,14.55,0.3,3740.84,0,436.39
321.5,3,15.73,0.3,5271.08,0,471.76
321.75,3,20.67,0.3,7058.76,0,620.22
322,3,26.13,0.3,14812.25,0,783.96
322.25,2,16.25,0.2,1503.61,-1,324.94
322.5,3,15.3,0.3,0,1,458.91
322.75,2,26.24,0.2,423.37,-1,524.89
323,2,25.61,0.2,1930.19,0,512.13
323.25,2,17.49,0.2,0,0,349.86
323.5,2,10.82,0.2,0,0,216.33
323.75,1,10.82,0.1,0,-1,108.17
324,0,0,0,0,-1,0
324.25,1,3,0.1,0,1,30
324.5,2,4.85,0.2,343.77,1,97.08
324.75,2,5.12,0.2,77.21,0,102.43
325,2,9.24,0.2,5.93,0,184.87
325.25,2,6.86,0.2,687.54,0,137.29
325.5,1,6.71,0.1,0,-1,67.08
325.75,2,10.93,0.2,207.72,1,218.56
326,3,6.86,0.3,687.54,1,205.94
326.25,3,10.73,0.3,189.59,0,321.86
326.5,3,9.52,0.3,534.2,0,285.64
326.75,3,14.07,0.3,593.4,0,422.21
327,3,12.09,0.3,1575.04,0,362.8
327.25,3,15.32,0.3,1144.25,0,459.46
327.5,4,12.7,0.4,2773.77,1,507.96
327.75,4,15.02,0.4,5335.76,0,600.86
328,5,14.08,0.5,8066.12,1,704.16
